problem,seed,epsilon,inverse_epsilon,log_inverse_epsilon,iterations,predicted_iterations,elapsed_seconds,gap,converged
matrix_game,0,0.1,10.0,2.302585092994046,73,252,0.01886359999934939,0.09969262949864417,True
matrix_game,0,0.05,20.0,2.995732273553991,208,503,0.05838880000010249,0.049633209656097625,True
matrix_game,0,0.01,100.0,4.605170185988092,1097,2511,0.5828757999997833,0.009984884927677153,True
matrix_game,0,0.005,200.0,5.298317366548036,2117,5022,1.6084137999996528,0.004999974378549276,True
matrix_game,0,0.001,1000.0,6.907755278982137,9577,25108,15.597654500000317,0.0009998835666809244,True
matrix_game,0,0.0005,2000.0,7.600902459542082,18014,50216,38.888552500000515,0.0004999980726582559,True
matrix_game,0,0.0001,10000.0,9.210340371976184,78969,251079,276.01019780000024,9.998052342476138e-05,True
matrix_game,1,0.1,10.0,2.302585092994046,79,252,0.0208822999993572,0.09928566682930669,True
matrix_game,1,0.05,20.0,2.995732273553991,221,503,0.0646974000001137,0.04974167780863617,True
matrix_game,1,0.01,100.0,4.605170185988092,1104,2511,0.6442118999993909,0.009995882787557697,True
matrix_game,1,0.005,200.0,5.298317366548036,2200,5022,1.9667657999998482,0.004997500524062767,True
matrix_game,1,0.001,1000.0,6.907755278982137,10139,25108,19.15692339999987,0.0009995222370766527,True
matrix_game,1,0.0005,2000.0,7.600902459542082,19400,50216,47.175306699999965,0.0004999613302330633,True
matrix_game,1,0.0001,10000.0,9.210340371976184,85355,251079,325.8783988999994,9.99796535531075e-05,True
matrix_game,2,0.1,10.0,2.302585092994046,89,252,0.022310800000013842,0.09866005329142326,True
matrix_game,2,0.05,20.0,2.995732273553991,217,503,0.06354230000033567,0.04988838330003394,True
matrix_game,2,0.01,100.0,4.605170185988092,1114,2511,0.6796121000006679,0.009980454448456116,True
matrix_game,2,0.005,200.0,5.298317366548036,2125,5022,1.8344473999995898,0.004998248768464948,True
matrix_game,2,0.001,1000.0,6.907755278982137,9856,25108,18.25350669999989,0.0009993406261861945,True
matrix_game,2,0.0005,2000.0,7.600902459542082,18805,50216,45.66080850000071,0.0004997361509472137,True
matrix_game,2,0.0001,10000.0,9.210340371976184,84041,251079,333.67672930000026,9.998067244776365e-05,True
matrix_game,3,0.1,10.0,2.302585092994046,86,252,0.02164219999940542,0.09909303119012532,True
matrix_game,3,0.05,20.0,2.995732273553991,210,503,0.06096679999973276,0.04997335410070018,True
matrix_game,3,0.01,100.0,4.605170185988092,1082,2511,0.603726899999856,0.009984802359286414,True
matrix_game,3,0.005,200.0,5.298317366548036,2114,5022,1.6994738000003053,0.004992962923457328,True
matrix_game,3,0.001,1000.0,6.907755278982137,9695,25108,16.81097409999984,0.0009993360881727642,True
matrix_game,3,0.0005,2000.0,7.600902459542082,18517,50216,42.159163100000114,0.0004998173937921513,True
matrix_game,3,0.0001,10000.0,9.210340371976184,80338,251079,296.3666360999996,9.99683996957268e-05,True
matrix_game,4,0.1,10.0,2.302585092994046,69,252,0.017061800000192306,0.09931816645531594,True
matrix_game,4,0.05,20.0,2.995732273553991,209,503,0.06513900000027206,0.04986114993009286,True
matrix_game,4,0.01,100.0,4.605170185988092,1089,2511,0.6358809000003021,0.009989840529703888,True
matrix_game,4,0.005,200.0,5.298317366548036,2151,5022,1.8839003000002776,0.0049938952494948605,True
matrix_game,4,0.001,1000.0,6.907755278982137,9762,25108,17.752316600000086,0.0009999731559123398,True
matrix_game,4,0.0005,2000.0,7.600902459542082,18432,50216,45.38094699999965,0.0004996502708348866,True
matrix_game,4,0.0001,10000.0,9.210340371976184,81617,251079,312.59429439999985,9.9965407253641e-05,True
continuous_location,0,0.1,10.0,2.302585092994046,320,1000,0.05925249999927473,0.0993018905986105,True
continuous_location,0,0.05,20.0,2.995732273553991,624,2000,0.1144852000006722,0.049759650470157624,True
continuous_location,0,0.01,100.0,4.605170185988092,3152,9997,0.5813879999996061,0.009998827945551625,True
continuous_location,0,0.005,200.0,5.298317366548036,6328,19993,1.2043554000001677,0.004998973574281251,True
continuous_location,0,0.001,1000.0,6.907755278982137,31139,99962,5.896371300000283,0.0009999081744922478,True
continuous_location,0,0.0005,2000.0,7.600902459542082,62786,199924,11.819300599999224,0.000499964655915619,True
continuous_location,0,0.0001,10000.0,9.210340371976184,313809,999619,58.56846680000035,9.999959672768455e-05,True
continuous_location,1,0.1,10.0,2.302585092994046,339,945,0.062309799999638926,0.09918292729640044,True
continuous_location,1,0.05,20.0,2.995732273553991,673,1890,0.12404280000009749,0.049892760459545826,True
continuous_location,1,0.01,100.0,4.605170185988092,3442,9450,0.6339563000001363,0.009998423695488867,True
continuous_location,1,0.005,200.0,5.298317366548036,6862,18900,1.2641002000000299,0.004999343826170843,True
continuous_location,1,0.001,1000.0,6.907755278982137,34633,94497,6.383252800000264,0.0009999625330330275,True
continuous_location,1,0.0005,2000.0,7.600902459542082,68915,188994,12.786818200000198,0.0004999810128616389,True
continuous_location,1,0.0001,10000.0,9.210340371976184,346911,944970,65.81510530000105,9.999988473552435e-05,True
continuous_location,2,0.1,10.0,2.302585092994046,338,1017,0.06333199999971839,0.09993730606351647,True
continuous_location,2,0.05,20.0,2.995732273553991,663,2034,0.12275119999867456,0.0499661110195504,True
continuous_location,2,0.01,100.0,4.605170185988092,3291,10167,0.6205227999998897,0.009998651905625877,True
continuous_location,2,0.005,200.0,5.298317366548036,6487,20334,1.2272634000000835,0.004995989167241532,True
continuous_location,2,0.001,1000.0,6.907755278982137,31872,101667,6.307545099998606,0.0009998785546159183,True
continuous_location,2,0.0005,2000.0,7.600902459542082,64237,203333,12.455816900001082,0.0004999998780306214,True
continuous_location,2,0.0001,10000.0,9.210340371976184,321456,1016663,59.20058160000008,9.999961669393542e-05,True
continuous_location,3,0.1,10.0,2.302585092994046,321,958,0.059247099999993225,0.09957197760488157,True
continuous_location,3,0.05,20.0,2.995732273553991,633,1915,0.11634859999867331,0.049851963171811065,True
continuous_location,3,0.01,100.0,4.605170185988092,3012,9575,0.5560478000006697,0.009994043855311219,True
continuous_location,3,0.005,200.0,5.298317366548036,5940,19150,1.0935774999998102,0.004998288222736846,True
continuous_location,3,0.001,1000.0,6.907755278982137,29966,95750,5.511135400000057,0.0009998823476493612,True
continuous_location,3,0.0005,2000.0,7.600902459542082,60830,191499,11.21524330000102,0.0004999782204535563,True
continuous_location,3,0.0001,10000.0,9.210340371976184,303328,957493,55.827228000000105,9.999851246789149e-05,True
continuous_location,4,0.1,10.0,2.302585092994046,365,977,0.06783519999953569,0.09943004451562132,True
continuous_location,4,0.05,20.0,2.995732273553991,718,1954,0.14937599999939266,0.04992738705041688,True
continuous_location,4,0.01,100.0,4.605170185988092,3792,9766,0.7013366999999562,0.009991910645375413,True
continuous_location,4,0.005,200.0,5.298317366548036,7548,19531,1.398586900000737,0.0049974964881869255,True
continuous_location,4,0.001,1000.0,6.907755278982137,37633,97655,6.919351900000038,0.00099995805645392,True
continuous_location,4,0.0005,2000.0,7.600902459542082,75579,195309,13.933823200000916,0.0004999881917484572,True
continuous_location,4,0.0001,10000.0,9.210340371976184,377117,976545,70.07322010000098,9.999839598151539e-05,True
piecewise_linear_max_abs,0,0.1,10.0,2.302585092994046,451,628,0.035383700000238605,0.09996208311581456,True
piecewise_linear_max_abs,0,0.05,20.0,2.995732273553991,842,1256,0.06558289999884437,0.04991849462771236,True
piecewise_linear_max_abs,0,0.01,100.0,4.605170185988092,3830,6280,0.3342014999998355,0.009999681104115199,True
piecewise_linear_max_abs,0,0.005,200.0,5.298317366548036,7436,12560,0.651743999998871,0.004999849639810927,True
piecewise_linear_max_abs,0,0.001,1000.0,6.907755278982137,33984,62797,2.9738765000001877,0.0009999918429484111,True
piecewise_linear_max_abs,0,0.0005,2000.0,7.600902459542082,63332,125594,5.5245028999997885,0.0004999992676105736,True
piecewise_linear_max_abs,0,0.0001,10000.0,9.210340371976184,238577,627970,20.847300399998858,9.999809787064606e-05,True
piecewise_linear_max_abs,1,0.1,10.0,2.302585092994046,449,629,0.03492279999954917,0.09882098998194627,True
piecewise_linear_max_abs,1,0.05,20.0,2.995732273553991,849,1258,0.06601260000024922,0.04965623560339172,True
piecewise_linear_max_abs,1,0.01,100.0,4.605170185988092,3821,6289,0.32496700000046985,0.009996290841575606,True
piecewise_linear_max_abs,1,0.005,200.0,5.298317366548036,7459,12578,0.6455461999994441,0.004998743744875189,True
piecewise_linear_max_abs,1,0.001,1000.0,6.907755278982137,33964,62886,2.968531399999847,0.0009999956233143759,True
piecewise_linear_max_abs,1,0.0005,2000.0,7.600902459542082,63330,125771,5.5036373999992065,0.0004999864563244305,True
piecewise_linear_max_abs,1,0.0001,10000.0,9.210340371976184,238362,628854,21.11230810000052,9.999801645399486e-05,True
piecewise_linear_max_abs,2,0.1,10.0,2.302585092994046,436,629,0.0340316999991046,0.09996896580631554,True
piecewise_linear_max_abs,2,0.05,20.0,2.995732273553991,838,1257,0.06524870000066585,0.049909741557049636,True
piecewise_linear_max_abs,2,0.01,100.0,4.605170185988092,3858,6284,0.33160680000037246,0.009998674500733995,True
piecewise_linear_max_abs,2,0.005,200.0,5.298317366548036,7438,12568,0.6486381000013353,0.004998763737911083,True
piecewise_linear_max_abs,2,0.001,1000.0,6.907755278982137,33773,62839,2.978217300000324,0.0009999471176392327,True
piecewise_linear_max_abs,2,0.0005,2000.0,7.600902459542082,62785,125677,5.496774000001096,0.0004999977847354176,True
piecewise_linear_max_abs,2,0.0001,10000.0,9.210340371976184,234472,628383,20.45789270000023,9.999983391434375e-05,True
piecewise_linear_max_abs,3,0.1,10.0,2.302585092994046,447,634,0.03464039999926172,0.09809308888763002,True
piecewise_linear_max_abs,3,0.05,20.0,2.995732273553991,842,1267,0.06589260000146169,0.049802141020176105,True
piecewise_linear_max_abs,3,0.01,100.0,4.605170185988092,3844,6331,0.33033640000030573,0.009996490945208825,True
piecewise_linear_max_abs,3,0.005,200.0,5.298317366548036,7494,12662,0.6502110000001267,0.0049989265407004435,True
piecewise_linear_max_abs,3,0.001,1000.0,6.907755278982137,34104,63306,2.9723061000004236,0.0009999790050029267,True
piecewise_linear_max_abs,3,0.0005,2000.0,7.600902459542082,63082,126611,5.50370649999968,0.0004999910900873594,True
piecewise_linear_max_abs,3,0.0001,10000.0,9.210340371976184,233040,633054,20.445020200000727,9.999996494358676e-05,True
piecewise_linear_max_abs,4,0.1,10.0,2.302585092994046,443,628,0.03440800000134914,0.09973612704922374,True
piecewise_linear_max_abs,4,0.05,20.0,2.995732273553991,835,1255,0.06491669999923033,0.04984006395481044,True
piecewise_linear_max_abs,4,0.01,100.0,4.605170185988092,3799,6273,0.33017350000045553,0.009999987141842581,True
piecewise_linear_max_abs,4,0.005,200.0,5.298317366548036,7439,12545,0.653892199999973,0.004999407405838152,True
piecewise_linear_max_abs,4,0.001,1000.0,6.907755278982137,34710,62725,3.01127550000092,0.0009999722344440354,True
piecewise_linear_max_abs,4,0.0005,2000.0,7.600902459542082,65348,125450,5.755878900001335,0.0004999942527483814,True
piecewise_linear_max_abs,4,0.0001,10000.0,9.210340371976184,255635,627247,22.766679099999237,9.999988814390903e-05,True
sum_absolute,0,0.1,10.0,2.302585092994046,1601,6218,0.08184000000073866,0.09990300363202209,True
sum_absolute,0,0.05,20.0,2.995732273553991,2985,12435,0.15352600000005623,0.04998826902362907,True
sum_absolute,0,0.01,100.0,4.605170185988092,13486,62175,0.6900961999999708,0.009999723860076415,True
sum_absolute,0,0.005,200.0,5.298317366548036,26390,124350,1.34795849999864,0.004999886615664195,True
sum_absolute,0,0.001,1000.0,6.907755278982137,130400,621747,6.662952999999106,0.0009999990355993305,True
sum_absolute,0,0.0005,2000.0,7.600902459542082,258353,1243493,13.214832899999237,0.0004999971974939399,True
sum_absolute,0,0.0001,10000.0,9.210340371976184,1291733,6217462,67.51657059999889,9.999991881670667e-05,True
sum_absolute,1,0.1,10.0,2.302585092994046,1682,6191,0.10293280000041705,0.09988796039381498,True
sum_absolute,1,0.05,20.0,2.995732273553991,3208,12382,0.16991290000078152,0.04998478198793066,True
sum_absolute,1,0.01,100.0,4.605170185988092,15557,61908,0.8095794999990176,0.009999459666374833,True
sum_absolute,1,0.005,200.0,5.298317366548036,31150,123816,1.6472807999998622,0.00499988785922767,True
sum_absolute,1,0.001,1000.0,6.907755278982137,153388,619076,8.111468799999784,0.0009999984633850545,True
sum_absolute,1,0.0005,2000.0,7.600902459542082,306472,1238152,16.14902280000024,0.0004999993382597268,True
sum_absolute,1,0.0001,10000.0,9.210340371976184,1524581,6190756,80.79857289999927,9.999988439801655e-05,True
sum_absolute,2,0.1,10.0,2.302585092994046,1439,6245,0.07355160000042815,0.09912975485245568,True
sum_absolute,2,0.05,20.0,2.995732273553991,2513,12490,0.1282292999985657,0.04999117067221448,True
sum_absolute,2,0.01,100.0,4.605170185988092,11285,62449,0.574344700000438,0.00999938436578418,True
sum_absolute,2,0.005,200.0,5.298317366548036,22183,124898,1.13393730000098,0.00499982391285414,True
sum_absolute,2,0.001,1000.0,6.907755278982137,109728,624488,5.624029399999927,0.000999998762551968,True
sum_absolute,2,0.0005,2000.0,7.600902459542082,217483,1248975,11.084079899999779,0.0004999993930709934,True
sum_absolute,2,0.0001,10000.0,9.210340371976184,1086119,6244874,55.59823189999952,9.999989680409271e-05,True
sum_absolute,3,0.1,10.0,2.302585092994046,1545,6179,0.08222010000099544,0.09956837652141814,True
sum_absolute,3,0.05,20.0,2.995732273553991,2587,12358,0.13344709999910265,0.04996005572145634,True
sum_absolute,3,0.01,100.0,4.605170185988092,11374,61789,0.5965868000002956,0.009999020504608325,True
sum_absolute,3,0.005,200.0,5.298317366548036,22072,123578,1.14832270000079,0.004999588126878507,True
sum_absolute,3,0.001,1000.0,6.907755278982137,108430,617887,5.689173699998719,0.0009999943755474305,True
sum_absolute,3,0.0005,2000.0,7.600902459542082,210629,1235773,11.033954200000153,0.0004999997646848442,True
sum_absolute,3,0.0001,10000.0,9.210340371976184,1047636,6178863,55.59467559999939,9.999999278420546e-05,True
sum_absolute,4,0.1,10.0,2.302585092994046,1541,6235,0.0866186999992351,0.09996174014503367,True
sum_absolute,4,0.05,20.0,2.995732273553991,2773,12469,0.14571080000132497,0.04999937614344674,True
sum_absolute,4,0.01,100.0,4.605170185988092,12254,62343,0.6439732999988337,0.009999932272535261,True
sum_absolute,4,0.005,200.0,5.298317366548036,23444,124686,1.2406630000004952,0.004999673634188184,True
sum_absolute,4,0.001,1000.0,6.907755278982137,109086,623427,5.723150399999213,0.0009999882377371705,True
sum_absolute,4,0.0005,2000.0,7.600902459542082,221184,1246853,11.45656290000079,0.0004999988257026189,True
sum_absolute,4,0.0001,10000.0,9.210340371976184,1087250,6234263,55.99001809999936,9.999998974308255e-05,True
