problem,epsilon,seed,mu_mode,iterations,elapsed_seconds,objective_value,dual_value,gap,mu_final,stages,converged,predicted_iterations,percent_of_predicted
matrix_game,0.01,0,fixed_mu,1140,0.7318006999994395,-0.0313251495084643,-0.04129489474630071,0.009969745237836405,0.0008766112701907305,1,True,2511,45.40023894862605
matrix_game,0.01,0,continuation_mu,1483,1.059413199996925,-0.03115313411665463,-0.04111774414091831,0.00996461002426368,0.0008766112701907305,3,True,2511,59.06013540422143
matrix_game,0.01,1,fixed_mu,1152,0.7501687000003585,-0.03021485374339547,-0.04017790063727046,0.009963046893874991,0.0008766112701907305,1,True,2511,45.878136200716845
matrix_game,0.01,1,continuation_mu,1497,1.0870837000002211,-0.029927752080291397,-0.0399000477515426,0.009972295671251203,0.0008766112701907305,3,True,2511,59.61768219832736
matrix_game,0.01,2,fixed_mu,1147,0.6567629000001034,-0.029486338125951334,-0.039452733678147285,0.009966395552195952,0.0008766112701907305,1,True,2511,45.67901234567901
matrix_game,0.01,2,continuation_mu,1475,0.9399321000018972,-0.029176682643097366,-0.039170538347278974,0.009993855704181608,0.0008766112701907305,3,True,2511,58.741537236160895
matrix_game,0.01,3,fixed_mu,1115,0.6863262999995641,-0.027713580761809777,-0.03771237856786271,0.009998797806052936,0.0008766112701907305,1,True,2511,44.404619673436876
matrix_game,0.01,3,continuation_mu,1456,1.0271330999985366,-0.027479352022845228,-0.037453412878921975,0.009974060856076748,0.0008766112701907305,3,True,2511,57.98486658701712
matrix_game,0.01,4,fixed_mu,1078,0.6037059999998746,-0.026215909296108265,-0.03621261769337451,0.009996708397266248,0.0008766112701907305,1,True,2511,42.93110314615691
matrix_game,0.01,4,continuation_mu,1420,0.930737799999406,-0.026039229286587348,-0.03603088828235576,0.009991658995768413,0.0008766112701907305,3,True,2511,56.55117483074472
matrix_game,0.001,0,fixed_mu,9976,19.515534999998636,-0.03521019425613375,-0.036210138312721615,0.000999944056587862,8.766112701907305e-05,1,True,25108,39.73235622112474
matrix_game,0.001,0,continuation_mu,12760,25.852342899999712,-0.03520500898246433,-0.03620417358986939,0.0009991646074050606,8.766112701907305e-05,3,True,25108,50.82045563167118
matrix_game,0.001,1,fixed_mu,10200,19.56435750000128,-0.03504344097519174,-0.03604285552083708,0.0009994145456453385,8.766112701907305e-05,1,True,25108,40.624502150708935
matrix_game,0.001,1,continuation_mu,13220,26.396280999999362,-0.035032151189923436,-0.03603186636113556,0.000999715171212126,8.766112701907305e-05,3,True,25108,52.652541022781584
matrix_game,0.001,2,fixed_mu,9833,17.913937799999985,-0.03505812711589802,-0.036057928615843636,0.0009998014999456142,8.766112701907305e-05,1,True,25108,39.16281663214912
matrix_game,0.001,2,continuation_mu,12633,23.952870399998574,-0.03504131996674867,-0.03604109822649611,0.0009997782597474386,8.766112701907305e-05,3,True,25108,50.31464075195157
matrix_game,0.001,3,fixed_mu,10412,19.81469449999895,-0.03405076501403743,-0.03505040002630341,0.0009996350122659856,8.766112701907305e-05,1,True,25108,41.468854548351125
matrix_game,0.001,3,continuation_mu,13326,26.021017699998993,-0.03404996465395818,-0.03504778030515395,0.00099781565119577,8.766112701907305e-05,3,True,25108,53.074717221602675
matrix_game,0.001,4,fixed_mu,9565,16.55981740000061,-0.03481881902588768,-0.03581877762187906,0.0009999585959913765,8.766112701907305e-05,1,True,25108,38.09542775211088
matrix_game,0.001,4,continuation_mu,12325,22.108824300001288,-0.03481885621362815,-0.035818075611596556,0.0009992193979684039,8.766112701907305e-05,3,True,25108,49.0879400987733
matrix_game,0.0001,0,fixed_mu,86363,340.7496209000001,-0.030701015958272064,-0.03080096389059079,9.994793231872523e-05,8.766112701907304e-06,1,True,251079,34.39674365438766
matrix_game,0.0001,0,continuation_mu,112314,450.9906635999978,-0.030697873740445338,-0.030797816584946305,9.994284450096785e-05,8.766112701907304e-06,3,True,251079,44.73253438160898
matrix_game,0.0001,1,fixed_mu,89312,360.13223389999985,-0.03639490547919866,-0.03649489740603268,9.999192683401992e-05,8.766112701907304e-06,1,True,251078,35.571416053975256
matrix_game,0.0001,1,continuation_mu,116280,479.4169804000012,-0.0363909211258535,-0.036490895182109455,9.997405625595396e-05,8.766112701907304e-06,3,True,251078,46.312301356550556
matrix_game,0.0001,2,fixed_mu,91480,375.7923918000015,-0.036364371084409965,-0.0364643670928861,9.999600847613449e-05,8.766112701907304e-06,1,True,251079,36.434747629232234
matrix_game,0.0001,2,continuation_mu,118310,494.7265600999963,-0.03636023570041855,-0.03646020678562955,9.997108521100223e-05,8.766112701907304e-06,3,True,251079,47.12062737226132
matrix_game,0.0001,3,fixed_mu,88509,360.99855260000186,-0.0344533865450387,-0.03455335634467265,9.996979963395464e-05,8.766112701907304e-06,1,True,251079,35.25145472142234
matrix_game,0.0001,3,continuation_mu,114584,476.96717359999457,-0.034450064423460464,-0.03455003354714668,9.996912368621935e-05,8.766112701907304e-06,3,True,251079,45.636632295014714
matrix_game,0.0001,4,fixed_mu,88137,347.46138449999853,-0.035465706473819206,-0.03556569667478067,9.999020096146394e-05,8.766112701907304e-06,1,True,251079,35.103294182309156
matrix_game,0.0001,4,continuation_mu,113805,456.24298120000094,-0.03546283695627245,-0.03556280848831236,9.997153203990944e-05,8.766112701907304e-06,3,True,251079,45.32637138111909
continuous_location,0.01,0,fixed_mu,3705,0.7061758999989252,31.74660399829809,31.736607871866667,0.009996126431424557,0.0002059702545874153,1,True,9711,38.15261044176707
continuous_location,0.01,0,continuation_mu,3296,0.6265673999987484,31.74660332277764,31.736606641589688,0.009996681187953271,0.0002059702545874153,3,True,9711,33.94089177221707
continuous_location,0.01,1,fixed_mu,2442,0.44860520000293036,33.443711459560085,33.43371243245048,0.009999027109607539,0.00020141009996249953,1,True,9930,24.59214501510574
continuous_location,0.01,1,continuation_mu,1364,0.2515601999948558,33.44371116154964,33.4343736965456,0.009337465004044532,0.00020141009996249953,3,True,9930,13.736153071500503
continuous_location,0.01,2,fixed_mu,3525,0.6484512999995786,32.0616154494379,32.05162479786899,0.009990651568912767,0.00020923192819412124,1,True,9559,36.87624228475782
continuous_location,0.01,2,continuation_mu,1861,0.34135910000259173,32.061612581071145,32.05172057535048,0.009892005720665509,0.00020923192819412124,3,True,9559,19.468563657286328
continuous_location,0.01,3,fixed_mu,3255,0.5946874999972351,34.026264509464745,34.016272104272694,0.009992405192051024,0.00020343389169759084,1,True,9832,33.106183889340926
continuous_location,0.01,3,continuation_mu,4050,0.7462635999982012,34.026263758873064,34.01627434614989,0.009989412723172109,0.00020343389169759084,3,True,9832,41.1920260374288
continuous_location,0.01,4,fixed_mu,3274,0.6033590999977605,32.83115728692849,32.821166546337835,0.00999074059065208,0.0002038881700878108,1,True,9810,33.374108053007134
continuous_location,0.01,4,continuation_mu,4044,0.7477663999998185,32.831157018862136,32.82116891072556,0.009988108136575136,0.0002038881700878108,3,True,9810,41.223241590214066
continuous_location,0.001,0,fixed_mu,18999,3.617990100003226,32.44513499412186,32.44413509555109,0.0009998985707682095,1.9883001083787193e-05,1,True,100589,18.887751145751523
continuous_location,0.001,0,continuation_mu,23348,4.442515900002036,32.44513498680858,32.44413510704293,0.0009998797656507463,1.9883001083787193e-05,3,True,100589,23.211285528238673
continuous_location,0.001,1,fixed_mu,36752,6.747047400000156,34.19939420240691,34.19839426084409,0.0009999415628172414,1.940656969004012e-05,1,True,103058,35.66147218071377
continuous_location,0.001,1,continuation_mu,45595,8.376831499997934,34.19939419771148,34.19839421275583,0.0009999849556479035,1.940656969004012e-05,3,True,103058,44.24207727687322
continuous_location,0.001,2,fixed_mu,34243,6.289431400000467,35.27351739977347,35.272517534581986,0.0009998651914813195,1.9133901097349455e-05,1,True,104527,32.75995675758416
continuous_location,0.001,2,continuation_mu,42493,7.803369199995359,35.27351737608371,35.272517404072126,0.0009999720115843047,1.9133901097349455e-05,3,True,104527,40.6526543381136
continuous_location,0.001,3,fixed_mu,37282,6.838685500002612,34.31233312186219,34.311333124326936,0.0009999975352528168,1.9383237988090542e-05,1,True,103182,36.13227113256188
continuous_location,0.001,3,continuation_mu,45980,8.420911499997601,34.312333096882476,34.31133312663363,0.0009999702488485696,1.9383237988090542e-05,3,True,103182,44.56203601403345
continuous_location,0.001,4,fixed_mu,23909,4.388654700000188,33.379954378234146,33.37895457642355,0.000999801810593226,2.0507950815685987e-05,1,True,97524,24.516016570280136
continuous_location,0.001,4,continuation_mu,29235,5.37425300000541,33.37995435926538,33.378954661425226,0.0009996978401574097,2.0507950815685987e-05,3,True,97524,29.97723637258521
continuous_location,0.0001,0,fixed_mu,298192,56.83233439999822,35.22025119398316,35.220151196651166,9.999733199350658e-05,1.9537482007770036e-06,1,True,1023674,29.12958617684927
continuous_location,0.0001,0,continuation_mu,369330,70.27926650000154,35.22025119343623,35.22015119421785,9.999921838499404e-05,1.9537482007770036e-06,3,True,1023674,36.07886885864055
continuous_location,0.0001,1,fixed_mu,323925,59.42560040000171,35.641535494933144,35.64143549833147,9.999660167636648e-05,1.930006564036865e-06,1,True,1036266,31.25886596684635
continuous_location,0.0001,1,continuation_mu,400924,73.63101690000622,35.641535494070204,35.64143549444573,9.999962447437838e-05,1.930006564036865e-06,3,True,1036266,38.689294061563345
continuous_location,0.0001,2,fixed_mu,324680,59.55232479999904,34.4708131040268,34.47071310454092,9.999948588301777e-05,1.927189232045947e-06,1,True,1037781,31.28598422981342
continuous_location,0.0001,2,continuation_mu,403032,73.92671000000337,34.47081310405065,34.47071310421777,9.999983287656278e-05,1.927189232045947e-06,3,True,1037781,38.835939374492305
continuous_location,0.0001,3,fixed_mu,327979,60.16106900000159,32.313454639275484,32.3133546413628,9.999791268455738e-05,2.0649339100184775e-06,1,True,968555,33.86271301061891
continuous_location,0.0001,3,continuation_mu,406821,74.7010732000017,32.313454638436596,32.313354638849646,9.99995869506165e-05,2.0649339100184775e-06,3,True,968555,42.00288057983284
continuous_location,0.0001,4,fixed_mu,258373,47.430871299999126,36.15349888743127,36.153398887782444,9.999964882467793e-05,1.8914395461887608e-06,1,True,1057396,24.43483803608109
continuous_location,0.0001,4,continuation_mu,318956,58.56358150000233,36.15349888701998,36.153398888541126,9.999847885211466e-05,1.8914395461887608e-06,3,True,1057396,30.164290388842023
piecewise_linear_max_abs,0.01,0,fixed_mu,3832,0.3775363999993715,0.496381021448669,0.48638640524837373,0.009994616200295292,0.0007816249778396312,1,True,6319,60.642506725747744
piecewise_linear_max_abs,0.01,0,continuation_mu,5110,0.44565549999606446,0.4965895954674177,0.4865916935886886,0.00999790187872912,0.0007816249778396312,3,True,6319,80.86722582687133
piecewise_linear_max_abs,0.01,1,fixed_mu,3776,0.30873150000115857,0.47592549233448955,0.465925929311125,0.009999563023364577,0.0007816249778396312,1,True,6461,58.442965485219005
piecewise_linear_max_abs,0.01,1,continuation_mu,5050,0.37884710000435007,0.47601662050521554,0.46602072834408104,0.0099958921611345,0.0007816249778396312,3,True,6461,78.16127534437393
piecewise_linear_max_abs,0.01,2,fixed_mu,3906,0.32178550000026007,0.5184416468585626,0.5084446870321775,0.009996959826385154,0.0007816249778396312,1,True,6413,60.90753157648526
piecewise_linear_max_abs,0.01,2,continuation_mu,5147,0.389421100000618,0.5185689738879861,0.5085712660700861,0.009997707817899992,0.0007816249778396312,3,True,6413,80.25884921253703
piecewise_linear_max_abs,0.01,3,fixed_mu,3700,0.30294359999970766,0.4696654422808584,0.4596735101267789,0.009991932154079508,0.0007816249778396312,1,True,6273,58.982942770604176
piecewise_linear_max_abs,0.01,3,continuation_mu,5003,0.37443100000018603,0.4699236275904933,0.4599275206869189,0.009996106903574387,0.0007816249778396312,3,True,6273,79.75450342738722
piecewise_linear_max_abs,0.01,4,fixed_mu,3734,0.30503029999817954,0.4445431685660112,0.43454651194511107,0.009996656620900157,0.0007816249778396312,1,True,6372,58.60012554927809
piecewise_linear_max_abs,0.01,4,continuation_mu,4986,0.3727794000005815,0.4446168644464347,0.4346172906531071,0.00999957379332761,0.0007816249778396312,3,True,6372,78.24858757062147
piecewise_linear_max_abs,0.001,0,fixed_mu,34692,3.3308672000021033,0.49025376358883976,0.48925380484797537,0.0009999587408643928,7.816249778396313e-05,1,True,63791,54.38384725117963
piecewise_linear_max_abs,0.001,0,continuation_mu,44416,4.295850700000301,0.49025916733675917,0.48925921595668953,0.0009999513800696413,7.816249778396313e-05,3,True,63791,69.62737690269788
piecewise_linear_max_abs,0.001,1,fixed_mu,35019,3.052374199996848,0.5350993065441714,0.5340993459045571,0.0009999606396142724,7.816249778396313e-05,1,True,63785,54.90162263855138
piecewise_linear_max_abs,0.001,1,continuation_mu,45116,3.902742999998736,0.535114285699946,0.5341143596893502,0.0009999260105958419,7.816249778396313e-05,3,True,63785,70.73136317315983
piecewise_linear_max_abs,0.001,2,fixed_mu,34506,2.622694199999387,0.5159808884007344,0.5149809034553486,0.000999984945385779,7.816249778396313e-05,1,True,64332,53.63738108561836
piecewise_linear_max_abs,0.001,2,continuation_mu,44802,3.398613100001967,0.5159815175494464,0.5149815435851893,0.000999973964257106,7.816249778396313e-05,3,True,64332,69.64185786233912
piecewise_linear_max_abs,0.001,3,fixed_mu,34074,2.592483100001118,0.497476657953419,0.4964766604900731,0.000999997463345892,7.816249778396313e-05,1,True,63894,53.32895107521833
piecewise_linear_max_abs,0.001,3,continuation_mu,44165,3.370497499996418,0.497480401801243,0.49648041315002067,0.0009999886512223055,7.816249778396313e-05,3,True,63894,69.12229630325226
piecewise_linear_max_abs,0.001,4,fixed_mu,34175,2.606389399999898,0.49664229514237035,0.4956423527001167,0.000999942442253654,7.816249778396313e-05,1,True,62530,54.65376619222773
piecewise_linear_max_abs,0.001,4,continuation_mu,43742,3.3194570999985444,0.4966405878802887,0.4956406128246852,0.000999975055603508,7.816249778396313e-05,3,True,62530,69.95362226131456
piecewise_linear_max_abs,0.0001,0,fixed_mu,292712,25.15816420000192,0.4590345559971216,0.4589345568237631,9.99991733585115e-05,7.816249778396313e-06,1,True,631518,46.35053949372781
piecewise_linear_max_abs,0.0001,0,continuation_mu,377560,32.56452569999965,0.45903337865740657,0.45893337896918995,9.999968821661209e-05,7.816249778396313e-06,3,True,631518,59.786102692243134
piecewise_linear_max_abs,0.0001,1,fixed_mu,252666,21.793972100000246,0.49466398530834965,0.4945639871925684,9.99981157812635e-05,7.816249778396313e-06,1,True,629758,40.12112589280327
piecewise_linear_max_abs,0.0001,1,continuation_mu,319169,24.373034199994436,0.4946612027499627,0.4945612053641318,9.999738583094109e-05,7.816249778396313e-06,3,True,629758,50.681214053652354
piecewise_linear_max_abs,0.0001,2,fixed_mu,253505,19.14845720000085,0.5240569842564462,0.5239569842635278,9.999999291843142e-05,7.816249778396313e-06,1,True,633549,40.013479620360854
piecewise_linear_max_abs,0.0001,2,continuation_mu,321169,24.651117900000827,0.5240546580415477,0.5239546609583896,9.999708315810985e-05,7.816249778396313e-06,3,True,633549,50.69363222102789
piecewise_linear_max_abs,0.0001,3,fixed_mu,259366,20.291220600000088,0.4535702401896551,0.4534702403733694,9.999981628566745e-05,7.816249778396313e-06,1,True,639875,40.5338542684118
piecewise_linear_max_abs,0.0001,3,continuation_mu,329074,26.144086100001005,0.4535687234439101,0.4534687256699632,9.999777394686937e-05,7.816249778396313e-06,3,True,639875,51.42785700332096
piecewise_linear_max_abs,0.0001,4,fixed_mu,243652,19.26874009999665,0.4783944686985975,0.47829447085244625,9.999784615122298e-05,7.816249778396313e-06,1,True,646957,37.66123559989304
piecewise_linear_max_abs,0.0001,4,continuation_mu,308486,24.35722530000203,0.47838905062250026,0.47828905154975676,9.999907274349518e-05,7.816249778396313e-06,3,True,646957,47.68261260021918
sum_absolute,0.01,0,fixed_mu,12065,0.7301281000000017,71.75635010450557,71.74635044462944,0.009999659876129385,3.3333333333333335e-05,1,True,61965,19.470668926006617
sum_absolute,0.01,0,continuation_mu,15694,0.9541420999994443,71.7570602426033,71.74706134086907,0.009998901734235233,3.3333333333333335e-05,3,True,61965,25.32720083918341
sum_absolute,0.01,1,fixed_mu,15338,0.8193337999982759,74.36879797548302,74.35879859733714,0.009999378145877813,3.3333333333333335e-05,1,True,62841,24.407631960026098
sum_absolute,0.01,1,continuation_mu,19872,1.0566228000025149,74.36956900260476,74.35957054225426,0.009998460350502114,3.3333333333333335e-05,3,True,62841,31.622666730319377
sum_absolute,0.01,2,fixed_mu,15087,0.7273237999979756,63.297608473155435,63.287608748998565,0.009999724156870116,3.3333333333333335e-05,1,True,61743,24.435158641465428
sum_absolute,0.01,2,continuation_mu,19523,0.9396305000045686,63.29832057239984,63.28832191640241,0.00999865599742833,3.3333333333333335e-05,3,True,61743,31.6197787603453
sum_absolute,0.01,3,fixed_mu,13826,0.7161484000025666,62.47704167659848,62.467041816186075,0.009999860412406747,3.3333333333333335e-05,1,True,61654,22.425146786907582
sum_absolute,0.01,3,continuation_mu,18230,0.9456649999992806,62.47772145402776,62.46772185936644,0.00999959466131628,3.3333333333333335e-05,3,True,61654,29.568235637590423
sum_absolute,0.01,4,fixed_mu,15922,0.7959174999996321,66.26314853747918,66.25314954200076,0.009998995478426309,3.3333333333333335e-05,1,True,62981,25.280640193074102
sum_absolute,0.01,4,continuation_mu,20946,1.0453761000026134,66.26393653635361,66.2539366789215,0.009999857432106296,3.3333333333333335e-05,3,True,62981,33.25764913227799
sum_absolute,0.001,0,fixed_mu,110300,6.558731400000397,68.72338512250656,68.72238512327763,0.000999999228923798,3.3333333333333333e-06,1,True,622655,17.71446467144727
sum_absolute,0.001,0,continuation_mu,144081,8.74099699999715,68.72347119736048,68.72247120875295,0.000999988607532032,3.3333333333333333e-06,3,True,622655,23.139780456271932
sum_absolute,0.001,1,fixed_mu,127668,6.150064099998417,67.09674306013288,67.09574306645467,0.0009999936782065788,3.3333333333333333e-06,1,True,643545,19.838239750134022
sum_absolute,0.001,1,continuation_mu,164147,7.967648800000461,67.09681937608445,67.0958193864241,0.0009999896603574143,3.3333333333333333e-06,3,True,643545,25.50668562415993
sum_absolute,0.001,2,fixed_mu,113719,6.0379300999993575,64.19186916822106,64.19086916948727,0.000999998733789198,3.3333333333333333e-06,1,True,608900,18.676137296764658
sum_absolute,0.001,2,continuation_mu,150349,7.9423705999979575,64.1919594987876,64.19095950311247,0.0009999956751300942,3.3333333333333333e-06,3,True,608900,24.691903432419117
sum_absolute,0.001,3,fixed_mu,114536,5.623621600003389,68.4157181253822,68.41471812840923,0.0009999969729648228,3.3333333333333333e-06,1,True,621769,18.42098914548651
sum_absolute,0.001,3,continuation_mu,149394,7.323446899998089,68.4157987102884,68.41479871405556,0.0009999962328350875,3.3333333333333333e-06,3,True,621769,24.027251278207824
sum_absolute,0.001,4,fixed_mu,112225,5.971256099997845,78.38618175502312,78.38518177089112,0.0009999841319938696,3.3333333333333333e-06,1,True,614783,18.254408466076647
sum_absolute,0.001,4,continuation_mu,146358,7.713210699999763,78.38625685857738,78.3852568667967,0.000999991780687992,3.3333333333333333e-06,3,True,614783,23.806448779488047
sum_absolute,0.0001,0,fixed_mu,1312694,72.08335029999944,70.57394333634048,70.57384333641835,9.999992212783582e-05,3.3333333333333335e-07,1,True,6139043,21.38271388553558
sum_absolute,0.0001,0,continuation_mu,1718016,105.42000049999842,70.5739526737226,70.57385267381791,9.999990469111708e-05,3.3333333333333335e-07,3,True,6139043,27.985078456039485
sum_absolute,0.0001,1,fixed_mu,1419076,75.58002669999769,74.94490284595227,74.94480284595461,9.999999765852863e-05,3.3333333333333335e-07,1,True,6287799,22.568723968434742
sum_absolute,0.0001,1,continuation_mu,1828131,97.50175909999962,74.94491121659843,74.9448112166904,9.999990803066794e-05,3.3333333333333335e-07,3,True,6287799,29.074259530242617
sum_absolute,0.0001,2,fixed_mu,1406478,75.35452239999722,65.15148073886279,65.15138073893344,9.999992934695001e-05,3.3333333333333335e-07,1,True,6249462,22.50558528078097
sum_absolute,0.0001,2,continuation_mu,1829638,96.91656290000174,65.15148929391536,65.15138929393169,9.999998367504759e-05,3.3333333333333335e-07,3,True,6249462,29.276728140758358
sum_absolute,0.0001,3,fixed_mu,1052873,50.884039600001415,76.07164564252771,76.07154564262567,9.99999020478981e-05,3.3333333333333335e-07,1,True,6362495,16.5481151655129
sum_absolute,0.0001,3,continuation_mu,1358038,65.85397749999902,76.07165313373244,76.0715531337809,9.999995154430508e-05,3.3333333333333335e-07,3,True,6362495,21.344425418016044
sum_absolute,0.0001,4,fixed_mu,1297323,68.35651289999805,70.6902112944897,70.69011129461133,9.999987837261415e-05,3.3333333333333335e-07,1,True,6199953,20.92472313903025
sum_absolute,0.0001,4,continuation_mu,1664719,87.96300920000431,70.69021986720307,70.69011986725229,9.999995077691892e-05,3.3333333333333335e-07,3,True,6199953,26.85050999580158
